{
    "mediaFile": "./input/HRC33_lap28_230806_122855.mp4",
    "fps": 174.722,
    "eventName": "HRC33_lap28",
    "mediaEvent": {
        "section": [
            73.0,
            1.0
        ],
        "target": {
            "CM-Beacon0": {
                "device_name": "CM-Beacon",
                "device_id": 0,
                "rect_x": 1614,
                "rect_y": 288,
                "rect_width": 306,
                "rect_height": 278
            }
        }
    },
    "startT": "2023/08/06 12:28:55 +0900",
    "frameOfs": [
        0.0,
        0.00572,
        0.01144,
        0.01717,
        0.02289,
        0.02861,
        0.03434,
        0.04006,
        0.04578,
        0.05151,
        0.05723,
        0.06295,
        0.06868,
        0.0744,
        0.08012,
        0.08585,
        0.09157,
        0.09729,
        0.10302,
        0.10874,
        0.11446,
        0.12019,
        0.12591,
        0.13163,
        0.13736,
        0.14308,
        0.1488,
        0.15453,
        0.16025,
        0.16597,
        0.1717,
        0.17742,
        0.18314,
        0.18887,
        0.19459,
        0.20031,
        0.20604,
        0.21176,
        0.21748,
        0.22321,
        0.22893,
        0.23465,
        0.24038,
        0.2461,
        0.25182,
        0.25755,
        0.26327,
        0.26899,
        0.27472,
        0.28044,
        0.28616,
        0.29189,
        0.29761,
        0.30333,
        0.30906,
        0.31478,
        0.3205,
        0.32623,
        0.33195,
        0.33767,
        0.3434,
        0.34912,
        0.35484,
        0.36057,
        0.36629,
        0.37201,
        0.37774,
        0.38346,
        0.38918,
        0.39491,
        0.40063,
        0.40635,
        0.41208,
        0.4178,
        0.42352,
        0.42925,
        0.43497,
        0.4407,
        0.44642,
        0.45214,
        0.45787,
        0.46359,
        0.46931,
        0.47504,
        0.48076,
        0.48648,
        0.49221,
        0.49793,
        0.50365,
        0.50938,
        0.5151,
        0.52082,
        0.52655,
        0.53227,
        0.53799,
        0.54372,
        0.54944,
        0.55516,
        0.56089,
        0.56661,
        0.57233,
        0.57806,
        0.58378,
        0.5895,
        0.59523,
        0.60095,
        0.60667,
        0.6124,
        0.61812,
        0.62384,
        0.62957,
        0.63529,
        0.64101,
        0.64674,
        0.65246,
        0.65818,
        0.66391,
        0.66963,
        0.67535,
        0.68108,
        0.6868,
        0.69252,
        0.69825,
        0.70397,
        0.70969,
        0.71542,
        0.72114,
        0.72686,
        0.73259,
        0.73831,
        0.74403,
        0.74976,
        0.75548,
        0.7612,
        0.76693,
        0.77265,
        0.77837,
        0.7841,
        0.78982,
        0.79554,
        0.80127,
        0.80699,
        0.81271,
        0.81844,
        0.82416,
        0.82988,
        0.83561,
        0.84133,
        0.84705,
        0.85278,
        0.8585,
        0.86423,
        0.86995,
        0.87567,
        0.8814,
        0.88712,
        0.89284,
        0.89857,
        0.90429,
        0.91001,
        0.91574,
        0.92146,
        0.92718,
        0.93291,
        0.93863,
        0.94435,
        0.95008,
        0.9558,
        0.96152,
        0.96725,
        0.97297,
        0.97869,
        0.98442,
        0.99014,
        0.99586
    ]
}
