{
    "mediaFile": "./input/I15_H_30fps_1_240113_134759.mp4",
    "fps": 29.995,
    "eventName": "I15_H_30fps_1",
    "mediaEvent": {
        "section": [
            3.0,
            8.0
        ],
        "target": {
            "CM-Beacon0": {
                "device_name": "CM-Beacon",
                "device_id": 0,
                "rect_x": 1386,
                "rect_y": 363,
                "rect_width": 253,
                "rect_height": 204
            },
            "CL-Beacon0": {
                "device_name": "CL-Beacon",
                "device_id": 0,
                "rect_x": 126,
                "rect_y": 373,
                "rect_width": 241,
                "rect_height": 149
            }
        }
    },
    "startT": "2024/01/13 13:47:59 +0900",
    "frameOfs": [
        0.0,
        0.03333,
        0.06667,
        0.10001,
        0.13335,
        0.16669,
        0.20003,
        0.23337,
        0.26671,
        0.30005,
        0.33338,
        0.36672,
        0.40006,
        0.4334,
        0.46674,
        0.50008,
        0.53342,
        0.56676,
        0.6001,
        0.63343,
        0.66677,
        0.70011,
        0.73345,
        0.76679,
        0.80013,
        0.83347,
        0.86681,
        0.90015,
        0.93348,
        0.96682,
        1.00016,
        1.0335,
        1.06684,
        1.10018,
        1.13352,
        1.16686,
        1.2002,
        1.23353,
        1.26687,
        1.30021,
        1.33355,
        1.36689,
        1.40023,
        1.43357,
        1.46691,
        1.50025,
        1.53358,
        1.56692,
        1.60026,
        1.6336,
        1.66694,
        1.70028,
        1.73362,
        1.76696,
        1.8003,
        1.83363,
        1.86697,
        1.90031,
        1.93365,
        1.96699,
        2.00033,
        2.03367,
        2.06701,
        2.10035,
        2.13368,
        2.16702,
        2.20036,
        2.2337,
        2.26704,
        2.30038,
        2.33372,
        2.36706,
        2.4004,
        2.43373,
        2.46707,
        2.50041,
        2.53375,
        2.56709,
        2.60043,
        2.63377,
        2.66711,
        2.70045,
        2.73378,
        2.76712,
        2.80046,
        2.8338,
        2.86714,
        2.90048,
        2.93382,
        2.96716,
        3.0005,
        3.03383,
        3.06717,
        3.10051,
        3.13385,
        3.16719,
        3.20053,
        3.23387,
        3.26721,
        3.30055,
        3.33388,
        3.36722,
        3.40056,
        3.4339,
        3.46724,
        3.50058,
        3.53392,
        3.56726,
        3.6006,
        3.63393,
        3.66727,
        3.70061,
        3.73395,
        3.76729,
        3.80063,
        3.83397,
        3.86731,
        3.90065,
        3.93398,
        3.96732,
        4.00066,
        4.034,
        4.06734,
        4.10068,
        4.13402,
        4.16736,
        4.2007,
        4.23403,
        4.26737,
        4.30071,
        4.33405,
        4.36739,
        4.40073,
        4.43407,
        4.46741,
        4.50075,
        4.53408,
        4.56742,
        4.60076,
        4.6341,
        4.66744,
        4.70078,
        4.73412,
        4.76746,
        4.8008,
        4.83413,
        4.86747,
        4.90081,
        4.93415,
        4.96749,
        5.00083,
        5.03417,
        5.06751,
        5.10085,
        5.13418,
        5.16752,
        5.20086,
        5.2342,
        5.26754,
        5.30088,
        5.33422,
        5.36756,
        5.4009,
        5.43423,
        5.46757,
        5.50091,
        5.53425,
        5.56759,
        5.60093,
        5.63427,
        5.66761,
        5.70095,
        5.73428,
        5.76762,
        5.80096,
        5.8343,
        5.86764,
        5.90098,
        5.93432,
        5.96766,
        6.001,
        6.03433,
        6.06767,
        6.10101,
        6.13435,
        6.16769,
        6.20103,
        6.23437,
        6.26771,
        6.30105,
        6.33438,
        6.36772,
        6.40106,
        6.4344,
        6.46774,
        6.50108,
        6.53442,
        6.56776,
        6.6011
    ]
}
