{
    "mediaFile": "./input//I15_H_240fps_1_240113_134855.mp4",
    "fps": 167.698,
    "eventName": "I15_H_240fps_1",
    "mediaEvent": {
        "section": [
            1.0,
            2.0
        ],
        "target": {
            "CM-Beacon0": {
                "device_name": "CM-Beacon",
                "device_id": 0,
                "rect_x": 1298,
                "rect_y": 396,
                "rect_width": 201,
                "rect_height": 162
            },
            "CL-Beacon0": {
                "device_name": "CL-Beacon",
                "device_id": 0,
                "rect_x": 202,
                "rect_y": 388,
                "rect_width": 219,
                "rect_height": 124
            }
        }
    },
    "startT": "2024/01/13 13:48:55 +0900",
    "frameOfs": [
        0.0,
        0.00596,
        0.01192,
        0.01788,
        0.02385,
        0.02981,
        0.03577,
        0.04174,
        0.0477,
        0.05366,
        0.05963,
        0.06559,
        0.07155,
        0.07752,
        0.08348,
        0.08944,
        0.0954,
        0.10137,
        0.10733,
        0.11329,
        0.11926,
        0.12522,
        0.13118,
        0.13715,
        0.14311,
        0.14907,
        0.15504,
        0.161,
        0.16696,
        0.17292,
        0.17889,
        0.18485,
        0.19081,
        0.19678,
        0.20274,
        0.2087,
        0.21467,
        0.22063,
        0.22659,
        0.23256,
        0.23852,
        0.24448,
        0.25045,
        0.25641,
        0.26237,
        0.26833,
        0.2743,
        0.28026,
        0.28622,
        0.29219,
        0.29815,
        0.30411,
        0.31008,
        0.31604,
        0.322,
        0.32797,
        0.33393,
        0.33989,
        0.34585,
        0.35182,
        0.35778,
        0.36374,
        0.36971,
        0.37567,
        0.38163,
        0.3876,
        0.39356,
        0.39952,
        0.40549,
        0.41145,
        0.41741,
        0.42338,
        0.42934,
        0.4353,
        0.44126,
        0.44723,
        0.45319,
        0.45915,
        0.46512,
        0.47108,
        0.47704,
        0.48301,
        0.48897,
        0.49493,
        0.5009,
        0.50686,
        0.51282,
        0.51878,
        0.52475,
        0.53071,
        0.53667,
        0.54264,
        0.5486,
        0.55456,
        0.56053,
        0.56649,
        0.57245,
        0.57842,
        0.58438,
        0.59034,
        0.59631,
        0.60227,
        0.60823,
        0.61419,
        0.62016,
        0.62612,
        0.63208,
        0.63805,
        0.64401,
        0.64997,
        0.65594,
        0.6619,
        0.66786,
        0.67383,
        0.67979,
        0.68575,
        0.69171,
        0.69768,
        0.70364,
        0.7096,
        0.71557,
        0.72153,
        0.72749,
        0.73346,
        0.73942,
        0.74538,
        0.75135,
        0.75731,
        0.76327,
        0.76923,
        0.7752,
        0.78116,
        0.78712,
        0.79309,
        0.79905,
        0.80501,
        0.81098,
        0.81694,
        0.8229,
        0.82887,
        0.83483,
        0.84079,
        0.84676,
        0.85272,
        0.85868,
        0.86464,
        0.87061,
        0.87657,
        0.88253,
        0.8885,
        0.89446,
        0.90042,
        0.90639,
        0.91235,
        0.91831,
        0.92428,
        0.93024,
        0.9362,
        0.94216,
        0.94813,
        0.95409,
        0.96005,
        0.96602,
        0.97198,
        0.97794,
        0.98391,
        0.98987,
        0.99583,
        1.0018,
        1.00776,
        1.01372,
        1.01969,
        1.02565,
        1.03161,
        1.03757,
        1.04354,
        1.0495,
        1.05546,
        1.06143,
        1.06739,
        1.07335,
        1.07932,
        1.08528,
        1.09124,
        1.09721,
        1.10317,
        1.10913,
        1.11509,
        1.12106,
        1.12702,
        1.13298,
        1.13895,
        1.14491,
        1.15087,
        1.15684,
        1.1628,
        1.16876,
        1.17473,
        1.18069,
        1.18665,
        1.19262,
        1.19858,
        1.20454,
        1.2105,
        1.21647,
        1.22243,
        1.22839,
        1.23436,
        1.24032,
        1.24628,
        1.25225,
        1.25821,
        1.26417,
        1.27014,
        1.2761,
        1.28206,
        1.28802,
        1.29399,
        1.29995,
        1.30591,
        1.31188,
        1.31784,
        1.3238,
        1.32977,
        1.33573,
        1.34169,
        1.34766,
        1.35362,
        1.35958,
        1.36554,
        1.37151,
        1.37747,
        1.38343,
        1.3894,
        1.39536,
        1.40132,
        1.40729,
        1.41325,
        1.41921,
        1.42518,
        1.43114,
        1.4371,
        1.44307,
        1.44903,
        1.45499,
        1.46095,
        1.46692,
        1.47288,
        1.47884,
        1.48481,
        1.49077,
        1.49673,
        1.5027,
        1.50866,
        1.51462,
        1.52059,
        1.52655,
        1.53251,
        1.53847,
        1.54444,
        1.5504,
        1.55636,
        1.56233,
        1.56829,
        1.57425,
        1.58022,
        1.58618,
        1.59214,
        1.59811,
        1.60407,
        1.61003,
        1.616,
        1.62196,
        1.62792,
        1.63388,
        1.63985,
        1.64581,
        1.65177,
        1.65774,
        1.6637,
        1.66966,
        1.67563,
        1.68159,
        1.68755,
        1.69352,
        1.69948,
        1.70544,
        1.7114,
        1.71737,
        1.72333,
        1.72929,
        1.73526,
        1.74122,
        1.74718,
        1.75315,
        1.75911,
        1.76507,
        1.77104,
        1.777,
        1.78296,
        1.78893,
        1.79489,
        1.80085,
        1.80681,
        1.81278,
        1.81874,
        1.8247,
        1.83067,
        1.83663,
        1.84259,
        1.84856,
        1.85452,
        1.86048,
        1.86645,
        1.87241,
        1.87837,
        1.88433,
        1.8903,
        1.89626,
        1.90222,
        1.90819,
        1.91415,
        1.92011,
        1.92608,
        1.93204,
        1.938,
        1.94397,
        1.94993,
        1.95589,
        1.96186,
        1.96782,
        1.97378,
        1.97974,
        1.98571,
        1.99167,
        1.99763
    ]
}
