{
  "M-Beacon": {
    "description": "",
    "template_width": 1656,
    "template_height": 1700,
    "marker": {
      "led_num": 4,
      "ID1": {
        "center_x": 394.2397766113281,
        "center_y": 1487.7528076171875,
        "radius": 68.47040557861328,
        "color": "blue"
      },
      "ID4": {
        "center_x": 1498.6456298828125,
        "center_y": 1243.9517822265625,
        "radius": 68.4637451171875,
        "color": "green"
      },
      "ID2": {
        "center_x": 150.33935546875,
        "center_y": 383.24432373046875,
        "radius": 68.42278289794922,
        "color": "green"
      },
      "ID3": {
        "center_x": 1254.8731689453125,
        "center_y": 139.47177124023438,
        "radius": 68.44194030761719,
        "color": "green"
      }
    },
    "beacon": {
      "led_num": 67,
      "ID67": {
        "center_x": 1254.8160400390625,
        "center_y": 1487.796875,
        "radius": 68.45352935791016,
        "color": "yellow"
      },
      "ID66": {
        "center_x": 791.685546875,
        "center_y": 1487.75732421875,
        "radius": 68.44617462158203,
        "color": "red"
      },
      "ID65": {
        "center_x": 592.9749755859375,
        "center_y": 1487.7874755859375,
        "radius": 68.46942901611328,
        "color": "red"
      },
      "ID64": {
        "center_x": 1254.8038330078125,
        "center_y": 1243.848876953125,
        "radius": 50.20036697387695,
        "color": "red"
      },
      "ID63": {
        "center_x": 1131.8638916015625,
        "center_y": 1243.8203125,
        "radius": 50.213497161865234,
        "color": "red"
      },
      "ID62": {
        "center_x": 1008.9340209960938,
        "center_y": 1243.918701171875,
        "radius": 50.192039489746094,
        "color": "red"
      },
      "ID61": {
        "center_x": 885.9846801757812,
        "center_y": 1243.931884765625,
        "radius": 50.21969223022461,
        "color": "red"
      },
      "ID60": {
        "center_x": 763.0319213867188,
        "center_y": 1243.9189453125,
        "radius": 50.22148513793945,
        "color": "red"
      },
      "ID59": {
        "center_x": 640.092041015625,
        "center_y": 1243.896728515625,
        "radius": 50.21800994873047,
        "color": "red"
      },
      "ID58": {
        "center_x": 517.1541137695312,
        "center_y": 1243.9129638671875,
        "radius": 50.17852020263672,
        "color": "red"
      },
      "ID57": {
        "center_x": 394.17425537109375,
        "center_y": 1243.90771484375,
        "radius": 50.17538070678711,
        "color": "red"
      },
      "ID56": {
        "center_x": 1254.8353271484375,
        "center_y": 1120.9580078125,
        "radius": 50.20023727416992,
        "color": "red"
      },
      "ID55": {
        "center_x": 1131.9228515625,
        "center_y": 1120.9595947265625,
        "radius": 50.22768783569336,
        "color": "red"
      },
      "ID54": {
        "center_x": 1008.9444580078125,
        "center_y": 1120.9781494140625,
        "radius": 50.20208740234375,
        "color": "red"
      },
      "ID53": {
        "center_x": 885.9671020507812,
        "center_y": 1120.9791259765625,
        "radius": 50.192108154296875,
        "color": "red"
      },
      "ID52": {
        "center_x": 763.0200805664062,
        "center_y": 1120.96826171875,
        "radius": 50.193077087402344,
        "color": "red"
      },
      "ID51": {
        "center_x": 640.078369140625,
        "center_y": 1120.9669189453125,
        "radius": 50.204593658447266,
        "color": "red"
      },
      "ID50": {
        "center_x": 517.1077270507812,
        "center_y": 1120.975830078125,
        "radius": 50.21977233886719,
        "color": "red"
      },
      "ID49": {
        "center_x": 394.1534118652344,
        "center_y": 1120.9815673828125,
        "radius": 50.20429611206055,
        "color": "red"
      },
      "ID48": {
        "center_x": 1254.8465576171875,
        "center_y": 998.0184936523438,
        "radius": 50.204280853271484,
        "color": "red"
      },
      "ID47": {
        "center_x": 1131.904541015625,
        "center_y": 997.9995727539062,
        "radius": 50.19837188720703,
        "color": "red"
      },
      "ID46": {
        "center_x": 1008.9189453125,
        "center_y": 997.9680786132812,
        "radius": 50.22148513793945,
        "color": "red"
      },
      "ID45": {
        "center_x": 886.0,
        "center_y": 998.0,
        "radius": 50.2196159362793,
        "color": "red"
      },
      "ID44": {
        "center_x": 763.0328979492188,
        "center_y": 998.0208129882812,
        "radius": 50.19208526611328,
        "color": "red"
      },
      "ID43": {
        "center_x": 640.0810546875,
        "center_y": 998.0319213867188,
        "radius": 50.22145080566406,
        "color": "red"
      },
      "ID42": {
        "center_x": 517.099609375,
        "center_y": 997.9990844726562,
        "radius": 50.198795318603516,
        "color": "red"
      },
      "ID41": {
        "center_x": 394.1534118652344,
        "center_y": 997.9815063476562,
        "radius": 50.204288482666016,
        "color": "red"
      },
      "ID40": {
        "center_x": 1254.834228515625,
        "center_y": 875.0784301757812,
        "radius": 50.18822479248047,
        "color": "red"
      },
      "ID39": {
        "center_x": 1131.823486328125,
        "center_y": 875.1298828125,
        "radius": 50.209102630615234,
        "color": "red"
      },
      "ID38": {
        "center_x": 1008.9421997070312,
        "center_y": 875.0303955078125,
        "radius": 50.224971771240234,
        "color": "red"
      },
      "ID37": {
        "center_x": 885.9803466796875,
        "center_y": 875.0499267578125,
        "radius": 50.19778823852539,
        "color": "red"
      },
      "ID36": {
        "center_x": 763.0103759765625,
        "center_y": 875.0653076171875,
        "radius": 50.223838806152344,
        "color": "red"
      },
      "ID35": {
        "center_x": 640.0771484375,
        "center_y": 875.0404052734375,
        "radius": 50.22771453857422,
        "color": "red"
      },
      "ID34": {
        "center_x": 517.0938110351562,
        "center_y": 875.1144409179688,
        "radius": 50.23404312133789,
        "color": "red"
      },
      "ID33": {
        "center_x": 394.19244384765625,
        "center_y": 875.0883178710938,
        "radius": 50.18111801147461,
        "color": "red"
      },
      "ID32": {
        "center_x": 1254.8203125,
        "center_y": 752.1360473632812,
        "radius": 50.21345520019531,
        "color": "red"
      },
      "ID31": {
        "center_x": 1131.8203125,
        "center_y": 752.1360473632812,
        "radius": 50.21345520019531,
        "color": "red"
      },
      "ID30": {
        "center_x": 1008.907958984375,
        "center_y": 752.1033935546875,
        "radius": 50.218143463134766,
        "color": "red"
      },
      "ID29": {
        "center_x": 885.996337890625,
        "center_y": 752.0939331054688,
        "radius": 50.20072555541992,
        "color": "red"
      },
      "ID28": {
        "center_x": 763.0153198242188,
        "center_y": 752.068115234375,
        "radius": 50.219635009765625,
        "color": "red"
      },
      "ID27": {
        "center_x": 640.0869750976562,
        "center_y": 752.1541137695312,
        "radius": 50.178531646728516,
        "color": "red"
      },
      "ID26": {
        "center_x": 517.1360473632812,
        "center_y": 752.1796875,
        "radius": 50.21345138549805,
        "color": "red"
      },
      "ID25": {
        "center_x": 394.1961669921875,