{
  "CL-Beacon": {
    "description": "",
    "template_width": 2458,
    "template_height": 1138,
    "marker": {
      "led_num": 4,
      "ID4": {
        "center_x": 379.55487060546875,
        "center_y": 980.392578125,
        "radius": 69.11622619628906,
        "color": "green"
      },
      "ID3": {
        "center_x": 2273.362060546875,
        "center_y": 664.6152954101562,
        "radius": 69.14826965332031,
        "color": "green"
      },
      "ID2": {
        "center_x": 190.15577697753906,
        "center_y": 475.5827941894531,
        "radius": 69.1583251953125,
        "color": "green"
      },
      "ID1": {
        "center_x": 2083.930419921875,
        "center_y": 159.80128479003906,
        "radius": 69.12646484375,
        "color": "blue"
      }
    },
    "beacon": {
      "led_num": 22,
      "ID22": {
        "center_x": 1484.2567138671875,
        "center_y": 980.400146484375,
        "radius": 69.09502410888672,
        "color": "yellow"
      },
      "ID21": {
        "center_x": 1231.7470703125,
        "center_y": 980.3139038085938,
        "radius": 69.11589813232422,
        "color": "yellow"
      },
      "ID20": {
        "center_x": 2083.930419921875,
        "center_y": 664.80126953125,
        "radius": 69.12646484375,
        "color": "red"
      },
      "ID19": {
        "center_x": 1894.506591796875,
        "center_y": 664.9703979492188,
        "radius": 69.14668273925781,
        "color": "red"
      },
      "ID18": {
        "center_x": 1705.1837158203125,
        "center_y": 664.8341064453125,
        "radius": 69.0920639038086,
        "color": "red"
      },
      "ID17": {
        "center_x": 1515.8099365234375,
        "center_y": 664.752685546875,
        "radius": 69.19060516357422,
        "color": "red"
      },
      "ID16": {
        "center_x": 1326.44677734375,
        "center_y": 664.7614135742188,
        "radius": 69.04660034179688,
        "color": "red"
      },
      "ID15": {
        "center_x": 1137.0,
        "center_y": 664.9302368164062,
        "radius": 69.1060562133789,
        "color": "red"
      },
      "ID14": {
        "center_x": 947.6436767578125,
        "center_y": 664.8844604492188,
        "radius": 69.100830078125,
        "color": "red"
      },
      "ID13": {
        "center_x": 758.3917846679688,
        "center_y": 664.8923950195312,
        "radius": 69.06452941894531,
        "color": "red"
      },
      "ID12": {
        "center_x": 568.8579711914062,
        "center_y": 664.95263671875,
        "radius": 69.11079406738281,
        "color": "red"
      },
      "ID11": {
        "center_x": 379.5280456542969,
        "center_y": 664.6744384765625,
        "radius": 69.10418701171875,
        "color": "red"
      },
      "ID10": {
        "center_x": 2083.925537109375,
        "center_y": 475.2837219238281,
        "radius": 69.12794494628906,
        "color": "red"
      },
      "ID9": {
        "center_x": 1894.554931640625,
        "center_y": 475.39251708984375,
        "radius": 69.11617279052734,
        "color": "red"
      },
      "ID8": {
        "center_x": 1705.142822265625,
        "center_y": 475.55621337890625,
        "radius": 69.11604309082031,
        "color": "red"
      },
      "ID7": {
        "center_x": 1515.71923828125,
        "center_y": 475.40435791015625,
        "radius": 69.11687469482422,
        "color": "red"
      },
      "ID6": {
        "center_x": 1326.4403076171875,
        "center_y": 475.3089599609375,
        "radius": 69.1386489868164,
        "color": "red"
      },
      "ID5": {
        "center_x": 1137.0079345703125,
        "center_y": 475.53009033203125,
        "radius": 69.1270523071289,
        "color": "red"
      },
      "ID4": {
        "center_x": 947.61279296875,
        "center_y": 475.5,
        "radius": 69.15019989013672,
        "color": "red"
      },
      "ID3": {
        "center_x": 758.3598022460938,
        "center_y": 475.48638916015625,
        "radius": 69.07593536376953,
        "color": "red"
      },
      "ID2": {
        "center_x": 568.93310546875,
        "center_y": 475.38232421875,
        "radius": 69.0950698852539,
        "color": "red"
      },
      "ID1": {
        "center_x": 379.558837890625,
        "center_y": 475.5,
        "radius": 69.09744262695312,
        "color": "red"
      }
    }
  }
}
